insert into results(id_match, id_team, gol) values(4,2,3);
insert into results(id_match, id_team, gol) values(4,3,6);
insert into results(id_match, id_team, gol) values(5,4,5);
insert into results(id_match, id_team, gol) values(5,5,6);
insert into results(id_match, id_team, gol) values(6,2,5);
insert into results(id_match, id_team, gol) values(6,4,2);
insert into results(id_match, id_team, gol) values(7,5,2);
insert into results(id_match, id_team, gol) values(7,3,2);
insert into results(id_match, id_team, gol) values(8,5,5);
insert into results(id_match, id_team, gol) values(8,2,9);
insert into results(id_match, id_team, gol) values(9,3,6);
insert into results(id_match, id_team, gol) values(10,6,5);
insert into results(id_match, id_team, gol) values(10,7,5);
insert into results(id_match, id_team, gol) values(11,8,4);
insert into results(id_match, id_team, gol) values(11,9,0);
insert into results(id_match, id_team, gol) values(13,9,0);
insert into results(id_match, id_team, gol) values(13,7,1);
insert into results(id_match, id_team, gol) values(12,6,4);
insert into results(id_match, id_team, gol) values(12,8,7);
insert into results(id_match, id_team, gol) values(14,9,7);
insert into results(id_match, id_team, gol) values(14,6,2);
insert into results(id_match, id_team, gol) values(15,7,4);
insert into results(id_match, id_team, gol) values(15,8,1);
insert into results(id_match, id_team, gol) values(16,10,9);
insert into results(id_match, id_team, gol) values(16,11,2);
insert into results(id_match, id_team, gol) values(17,12,5);
insert into results(id_match, id_team, gol) values(17,13,8);
insert into results(id_match, id_team, gol) values(18,10,3);
insert into results(id_match, id_team, gol) values(18,12,7);
insert into results(id_match, id_team, gol) values(19,13,4);
insert into results(id_match, id_team, gol) values(19,11,2);
insert into results(id_match, id_team, gol) values(20,13,1);
insert into results(id_match, id_team, gol) values(20,10,0);
insert into results(id_match, id_team, gol) values(21,11,8);
insert into results(id_match, id_team, gol) values(21,12,7);
insert into results(id_match, id_team, gol) values(22,14,5);
insert into results(id_match, id_team, gol) values(22,15,0);
insert into results(id_match, id_team, gol) values(23,16,0);
insert into results(id_match, id_team, gol) values(23,17,8);
insert into results(id_match, id_team, gol) values(24,14,5);
insert into results(id_match, id_team, gol) values(24,16,9);
insert into results(id_match, id_team, gol) values(25,17,5);
insert into results(id_match, id_team, gol) values(25,15,1);
insert into results(id_match, id_team, gol) values(26,17,4);
insert into results(id_match, id_team, gol) values(26,14,9);
insert into results(id_match, id_team, gol) values(27,15,1);
insert into results(id_match, id_team, gol) values(27,16,5);
insert into results(id_match, id_team, gol) values(28,18,1);
insert into results(id_match, id_team, gol) values(28,19,6);
insert into results(id_match, id_team, gol) values(29,20,3);
insert into results(id_match, id_team, gol) values(29,21,8);
insert into results(id_match, id_team, gol) values(30,18,9);
insert into results(id_match, id_team, gol) values(30,20,7);
insert into results(id_match, id_team, gol) values(31,21,9);
insert into results(id_match, id_team, gol) values(31,19,8);
insert into results(id_match, id_team, gol) values(32,21,0);
insert into results(id_match, id_team, gol) values(32,18,5);
insert into results(id_match, id_team, gol) values(33,19,7);
insert into results(id_match, id_team, gol) values(33,20,3);
insert into results(id_match, id_team, gol) values(34,1,3);
insert into results(id_match, id_team, gol) values(34,22,1);
insert into results(id_match, id_team, gol) values(35,23,6);
insert into results(id_match, id_team, gol) values(35,24,4);
insert into results(id_match, id_team, gol) values(36,1,2);
insert into results(id_match, id_team, gol) values(36,23,4);
insert into results(id_match, id_team, gol) values(37,24,1);
insert into results(id_match, id_team, gol) values(37,22,8);
insert into results(id_match, id_team, gol) values(38,24,4);
insert into results(id_match, id_team, gol) values(38,1,1);
insert into results(id_match, id_team, gol) values(39,22,6);
insert into results(id_match, id_team, gol) values(39,23,9);
insert into results(id_match, id_team, gol) values(40,25,0);
insert into results(id_match, id_team, gol) values(40,26,1);
insert into results(id_match, id_team, gol) values(41,27,1);
insert into results(id_match, id_team, gol) values(41,28,5);
insert into results(id_match, id_team, gol) values(42,25,1);
insert into results(id_match, id_team, gol) values(42,27,2);
insert into results(id_match, id_team, gol) values(43,28,1);
insert into results(id_match, id_team, gol) values(43,26,3);
insert into results(id_match, id_team, gol) values(44,28,9);
insert into results(id_match, id_team, gol) values(44,25,5);
insert into results(id_match, id_team, gol) values(45,26,2);
insert into results(id_match, id_team, gol) values(45,27,8);
insert into results(id_match, id_team, gol) values(46,29,2);
insert into results(id_match, id_team, gol) values(46,30,1);
insert into results(id_match, id_team, gol) values(47,31,7);
insert into results(id_match, id_team, gol) values(47,32,3);
insert into results(id_match, id_team, gol) values(48,29,7);
insert into results(id_match, id_team, gol) values(48,31,4);
insert into results(id_match, id_team, gol) values(49,32,6);
insert into results(id_match, id_team, gol) values(49,30,0);
insert into results(id_match, id_team, gol) values(50,32,6);
insert into results(id_match, id_team, gol) values(53,30,3);
insert into results(id_match, id_team, gol) values(53,31,4);
insert into results(id_match, id_team, gol) values(50,29,9);
insert into results(id_match, id_team, gol) values(9,5,7);


INSERT INTO person VALUES (3, 'Maxi Micc', 'max.mic@openenglish.com', true, true, 1, 1, NULL, 0);
INSERT INTO person VALUES (4, 'Maxi Micc', 'max.mic@openenglish.com', true, true, 1, 1, NULL, 10);
INSERT INTO person VALUES (5, 'Maxi Micc', 'max.mic@openenglish.com', true, true, 1, 1, NULL, 20);
INSERT INTO person VALUES (6, 'Maxi Micc', 'max.mic@openenglish.com', true, true, 1, 2, NULL, 10);
INSERT INTO person VALUES (7, 'Maxi Micc', 'max.mic@openenglish.com', true, true, 1, 2, NULL, 20);
INSERT INTO person VALUES (8, 'Maxi Micc', 'max.mic@openenglish.com', true, true, 1, 2, NULL, 120);
INSERT INTO person VALUES (9, 'Maxi Micc', 'max.mic@openenglish.com', true, true, 1, 1, NULL, 50);
INSERT INTO person VALUES (10, 'Maxi Micc', 'max.mic@openenglish.com', true, true, 2, 1, NULL, 60);
INSERT INTO person VALUES (11, 'Maxi Micc', 'max.mic@openenglish.com', true, true, 1, 1, NULL, 70);
INSERT INTO person VALUES (12, 'Maxi Micc', 'max.mic@openenglish.com', true, true, 2, 1, NULL, 80);
INSERT INTO person VALUES (13, 'Maxi Micc', 'max.mic@openenglish.com', true, true, 2, 1, NULL, 15);

insert into prode(id_person, id_match, id_team, gol) values(3,4, 2, 3);
insert into prode(id_person, id_match, id_team, gol) values(3,4, 3, 8);
insert into prode(id_person, id_match, id_team, gol) values(3,5, 4, 8);
insert into prode(id_person, id_match, id_team, gol) values(3,5, 5, 6);
insert into prode(id_person, id_match, id_team, gol) values(3,6, 2, 2);
insert into prode(id_person, id_match, id_team, gol) values(3,6, 4, 9);
insert into prode(id_person, id_match, id_team, gol) values(3,7, 5, 8);
insert into prode(id_person, id_match, id_team, gol) values(3,7, 3, 1);
insert into prode(id_person, id_match, id_team, gol) values(3,8, 5, 2);
insert into prode(id_person, id_match, id_team, gol) values(3,8, 2, 2);
insert into prode(id_person, id_match, id_team, gol) values(3,9, 3, 2);
insert into prode(id_person, id_match, id_team, gol) values(3,9, 5, 3);
insert into prode(id_person, id_match, id_team, gol) values(3,10, 6, 6);
insert into prode(id_person, id_match, id_team, gol) values(3,10, 7, 6);
insert into prode(id_person, id_match, id_team, gol) values(3,11, 8, 1);
insert into prode(id_person, id_match, id_team, gol) values(3,11, 9, 4);
insert into prode(id_person, id_match, id_team, gol) values(3,13, 9, 5);
insert into prode(id_person, id_match, id_team, gol) values(3,13, 7, 5);
insert into prode(id_person, id_match, id_team, gol) values(3,12, 6, 1);
insert into prode(id_person, id_match, id_team, gol) values(3,12, 8, 9);
insert into prode(id_person, id_match, id_team, gol) values(3,14, 9, 7);
insert into prode(id_person, id_match, id_team, gol) values(3,14, 6, 6);
insert into prode(id_person, id_match, id_team, gol) values(3,15, 7, 4);
insert into prode(id_person, id_match, id_team, gol) values(3,15, 8, 5);
insert into prode(id_person, id_match, id_team, gol) values(3,16, 10, 8);
insert into prode(id_person, id_match, id_team, gol) values(3,16, 11, 2);
insert into prode(id_person, id_match, id_team, gol) values(3,17, 12, 5);
insert into prode(id_person, id_match, id_team, gol) values(3,17, 13, 1);
insert into prode(id_person, id_match, id_team, gol) values(3,18, 10, 5);
insert into prode(id_person, id_match, id_team, gol) values(3,18, 12, 2);
insert into prode(id_person, id_match, id_team, gol) values(3,19, 13, 7);
insert into prode(id_person, id_match, id_team, gol) values(3,19, 11, 3);
insert into prode(id_person, id_match, id_team, gol) values(3,20, 13, 2);
insert into prode(id_person, id_match, id_team, gol) values(3,20, 10, 6);
insert into prode(id_person, id_match, id_team, gol) values(3,21, 11, 7);
insert into prode(id_person, id_match, id_team, gol) values(3,21, 12, 9);
insert into prode(id_person, id_match, id_team, gol) values(3,22, 14, 7);
insert into prode(id_person, id_match, id_team, gol) values(3,22, 15, 8);
insert into prode(id_person, id_match, id_team, gol) values(3,23, 16, 6);
insert into prode(id_person, id_match, id_team, gol) values(3,23, 17, 3);
insert into prode(id_person, id_match, id_team, gol) values(3,24, 14, 9);
insert into prode(id_person, id_match, id_team, gol) values(3,24, 16, 2);
insert into prode(id_person, id_match, id_team, gol) values(3,25, 17, 1);
insert into prode(id_person, id_match, id_team, gol) values(3,25, 15, 3);
insert into prode(id_person, id_match, id_team, gol) values(3,26, 17, 7);
insert into prode(id_person, id_match, id_team, gol) values(3,26, 14, 6);
insert into prode(id_person, id_match, id_team, gol) values(3,27, 15, 4);
insert into prode(id_person, id_match, id_team, gol) values(3,27, 16, 1);
insert into prode(id_person, id_match, id_team, gol) values(3,28, 18, 3);
insert into prode(id_person, id_match, id_team, gol) values(3,28, 19, 4);
insert into prode(id_person, id_match, id_team, gol) values(3,29, 20, 8);
insert into prode(id_person, id_match, id_team, gol) values(3,29, 21, 3);
insert into prode(id_person, id_match, id_team, gol) values(3,30, 18, 1);
insert into prode(id_person, id_match, id_team, gol) values(3,30, 20, 5);
insert into prode(id_person, id_match, id_team, gol) values(3,31, 21, 7);
insert into prode(id_person, id_match, id_team, gol) values(3,31, 19, 9);
insert into prode(id_person, id_match, id_team, gol) values(3,32, 21, 5);
insert into prode(id_person, id_match, id_team, gol) values(3,32, 18, 2);
insert into prode(id_person, id_match, id_team, gol) values(3,33, 19, 4);
insert into prode(id_person, id_match, id_team, gol) values(3,33, 20, 9);
insert into prode(id_person, id_match, id_team, gol) values(3,34, 1, 8);
insert into prode(id_person, id_match, id_team, gol) values(3,34, 22, 4);
insert into prode(id_person, id_match, id_team, gol) values(3,35, 23, 9);
insert into prode(id_person, id_match, id_team, gol) values(3,35, 24, 7);
insert into prode(id_person, id_match, id_team, gol) values(3,36, 1, 2);
insert into prode(id_person, id_match, id_team, gol) values(3,36, 23, 4);
insert into prode(id_person, id_match, id_team, gol) values(3,37, 24, 5);
insert into prode(id_person, id_match, id_team, gol) values(3,37, 22, 1);
insert into prode(id_person, id_match, id_team, gol) values(3,38, 24, 5);
insert into prode(id_person, id_match, id_team, gol) values(3,38, 1, 4);
insert into prode(id_person, id_match, id_team, gol) values(3,39, 22, 7);
insert into prode(id_person, id_match, id_team, gol) values(3,39, 23, 7);
insert into prode(id_person, id_match, id_team, gol) values(3,40, 25, 1);
insert into prode(id_person, id_match, id_team, gol) values(3,40, 26, 3);
insert into prode(id_person, id_match, id_team, gol) values(3,41, 27, 1);
insert into prode(id_person, id_match, id_team, gol) values(3,41, 28, 1);
insert into prode(id_person, id_match, id_team, gol) values(3,42, 25, 8);
insert into prode(id_person, id_match, id_team, gol) values(3,42, 27, 4);
insert into prode(id_person, id_match, id_team, gol) values(3,43, 28, 6);
insert into prode(id_person, id_match, id_team, gol) values(3,43, 26, 7);
insert into prode(id_person, id_match, id_team, gol) values(3,44, 28, 4);
insert into prode(id_person, id_match, id_team, gol) values(3,44, 25, 7);
insert into prode(id_person, id_match, id_team, gol) values(3,45, 26, 4);
insert into prode(id_person, id_match, id_team, gol) values(3,45, 27, 1);
insert into prode(id_person, id_match, id_team, gol) values(3,46, 29, 2);
insert into prode(id_person, id_match, id_team, gol) values(3,46, 30, 2);
insert into prode(id_person, id_match, id_team, gol) values(3,47, 31, 8);
insert into prode(id_person, id_match, id_team, gol) values(3,47, 32, 8);
insert into prode(id_person, id_match, id_team, gol) values(3,48, 29, 2);
insert into prode(id_person, id_match, id_team, gol) values(3,48, 31, 1);
insert into prode(id_person, id_match, id_team, gol) values(3,49, 32, 7);
insert into prode(id_person, id_match, id_team, gol) values(3,49, 30, 2);
insert into prode(id_person, id_match, id_team, gol) values(3,50, 32, 4);
insert into prode(id_person, id_match, id_team, gol) values(3,50, 29, 2);
insert into prode(id_person, id_match, id_team, gol) values(3,53, 30, 9);
insert into prode(id_person, id_match, id_team, gol) values(3,53, 31, 2);

insert into prode(id_person, id_match, id_team, gol) values(4,4, 2, 5);
insert into prode(id_person, id_match, id_team, gol) values(4,4, 3, 1);
insert into prode(id_person, id_match, id_team, gol) values(4,5, 4, 3);
insert into prode(id_person, id_match, id_team, gol) values(4,5, 5, 7);
insert into prode(id_person, id_match, id_team, gol) values(4,6, 2, 2);
insert into prode(id_person, id_match, id_team, gol) values(4,6, 4, 2);
insert into prode(id_person, id_match, id_team, gol) values(4,7, 5, 3);
insert into prode(id_person, id_match, id_team, gol) values(4,7, 3, 9);
insert into prode(id_person, id_match, id_team, gol) values(4,8, 5, 7);
insert into prode(id_person, id_match, id_team, gol) values(4,8, 2, 1);
insert into prode(id_person, id_match, id_team, gol) values(4,9, 3, 5);
insert into prode(id_person, id_match, id_team, gol) values(4,9, 5, 3);
insert into prode(id_person, id_match, id_team, gol) values(4,10, 6, 8);
insert into prode(id_person, id_match, id_team, gol) values(4,10, 7, 4);
insert into prode(id_person, id_match, id_team, gol) values(4,11, 8, 6);
insert into prode(id_person, id_match, id_team, gol) values(4,11, 9, 4);
insert into prode(id_person, id_match, id_team, gol) values(4,13, 9, 2);
insert into prode(id_person, id_match, id_team, gol) values(4,13, 7, 4);
insert into prode(id_person, id_match, id_team, gol) values(4,12, 6, 4);
insert into prode(id_person, id_match, id_team, gol) values(4,12, 8, 1);
insert into prode(id_person, id_match, id_team, gol) values(4,14, 9, 6);
insert into prode(id_person, id_match, id_team, gol) values(4,14, 6, 5);
insert into prode(id_person, id_match, id_team, gol) values(4,15, 7, 1);
insert into prode(id_person, id_match, id_team, gol) values(4,15, 8, 3);
insert into prode(id_person, id_match, id_team, gol) values(4,16, 10, 1);
insert into prode(id_person, id_match, id_team, gol) values(4,16, 11, 4);
insert into prode(id_person, id_match, id_team, gol) values(4,17, 12, 2);
insert into prode(id_person, id_match, id_team, gol) values(4,17, 13, 1);
insert into prode(id_person, id_match, id_team, gol) values(4,18, 10, 5);
insert into prode(id_person, id_match, id_team, gol) values(4,18, 12, 5);
insert into prode(id_person, id_match, id_team, gol) values(4,19, 13, 1);
insert into prode(id_person, id_match, id_team, gol) values(4,19, 11, 2);
insert into prode(id_person, id_match, id_team, gol) values(4,20, 13, 4);
insert into prode(id_person, id_match, id_team, gol) values(4,20, 10, 2);
insert into prode(id_person, id_match, id_team, gol) values(4,21, 11, 4);
insert into prode(id_person, id_match, id_team, gol) values(4,21, 12, 6);
insert into prode(id_person, id_match, id_team, gol) values(4,22, 14, 9);
insert into prode(id_person, id_match, id_team, gol) values(4,22, 15, 3);
insert into prode(id_person, id_match, id_team, gol) values(4,23, 16, 2);
insert into prode(id_person, id_match, id_team, gol) values(4,23, 17, 5);
insert into prode(id_person, id_match, id_team, gol) values(4,24, 14, 5);
insert into prode(id_person, id_match, id_team, gol) values(4,24, 16, 7);
insert into prode(id_person, id_match, id_team, gol) values(4,25, 17, 5);
insert into prode(id_person, id_match, id_team, gol) values(4,25, 15, 4);
insert into prode(id_person, id_match, id_team, gol) values(4,26, 17, 4);
insert into prode(id_person, id_match, id_team, gol) values(4,26, 14, 9);
insert into prode(id_person, id_match, id_team, gol) values(4,27, 15, 4);
insert into prode(id_person, id_match, id_team, gol) values(4,27, 16, 4);
insert into prode(id_person, id_match, id_team, gol) values(4,28, 18, 7);
insert into prode(id_person, id_match, id_team, gol) values(4,28, 19, 7);
insert into prode(id_person, id_match, id_team, gol) values(4,29, 20, 9);
insert into prode(id_person, id_match, id_team, gol) values(4,29, 21, 6);
insert into prode(id_person, id_match, id_team, gol) values(4,30, 18, 2);
insert into prode(id_person, id_match, id_team, gol) values(4,30, 20, 3);
insert into prode(id_person, id_match, id_team, gol) values(4,31, 21, 9);
insert into prode(id_person, id_match, id_team, gol) values(4,31, 19, 1);
insert into prode(id_person, id_match, id_team, gol) values(4,32, 21, 3);
insert into prode(id_person, id_match, id_team, gol) values(4,32, 18, 6);
insert into prode(id_person, id_match, id_team, gol) values(4,33, 19, 6);
insert into prode(id_person, id_match, id_team, gol) values(4,33, 20, 7);
insert into prode(id_person, id_match, id_team, gol) values(4,34, 1, 5);
insert into prode(id_person, id_match, id_team, gol) values(4,34, 22, 7);
insert into prode(id_person, id_match, id_team, gol) values(4,35, 23, 6);
insert into prode(id_person, id_match, id_team, gol) values(4,35, 24, 2);
insert into prode(id_person, id_match, id_team, gol) values(4,36, 1, 1);
insert into prode(id_person, id_match, id_team, gol) values(4,36, 23, 6);
insert into prode(id_person, id_match, id_team, gol) values(4,37, 24, 5);
insert into prode(id_person, id_match, id_team, gol) values(4,37, 22, 9);
insert into prode(id_person, id_match, id_team, gol) values(4,38, 24, 6);
insert into prode(id_person, id_match, id_team, gol) values(4,38, 1, 1);
insert into prode(id_person, id_match, id_team, gol) values(4,39, 22, 7);
insert into prode(id_person, id_match, id_team, gol) values(4,39, 23, 2);
insert into prode(id_person, id_match, id_team, gol) values(4,40, 25, 5);
insert into prode(id_person, id_match, id_team, gol) values(4,40, 26, 2);
insert into prode(id_person, id_match, id_team, gol) values(4,41, 27, 9);
insert into prode(id_person, id_match, id_team, gol) values(4,41, 28, 9);
insert into prode(id_person, id_match, id_team, gol) values(4,42, 25, 5);
insert into prode(id_person, id_match, id_team, gol) values(4,42, 27, 8);
insert into prode(id_person, id_match, id_team, gol) values(4,43, 28, 7);
insert into prode(id_person, id_match, id_team, gol) values(4,43, 26, 9);
insert into prode(id_person, id_match, id_team, gol) values(4,44, 28, 2);
insert into prode(id_person, id_match, id_team, gol) values(4,44, 25, 4);
insert into prode(id_person, id_match, id_team, gol) values(4,45, 26, 9);
insert into prode(id_person, id_match, id_team, gol) values(4,45, 27, 5);
insert into prode(id_person, id_match, id_team, gol) values(4,46, 29, 7);
insert into prode(id_person, id_match, id_team, gol) values(4,46, 30, 6);
insert into prode(id_person, id_match, id_team, gol) values(4,47, 31, 6);
insert into prode(id_person, id_match, id_team, gol) values(4,47, 32, 3);
insert into prode(id_person, id_match, id_team, gol) values(4,48, 29, 2);
insert into prode(id_person, id_match, id_team, gol) values(4,48, 31, 3);
insert into prode(id_person, id_match, id_team, gol) values(4,49, 32, 2);
insert into prode(id_person, id_match, id_team, gol) values(4,49, 30, 9);
insert into prode(id_person, id_match, id_team, gol) values(4,50, 32, 5);
insert into prode(id_person, id_match, id_team, gol) values(4,50, 29, 8);
insert into prode(id_person, id_match, id_team, gol) values(4,53, 30, 8);
insert into prode(id_person, id_match, id_team, gol) values(4,53, 31, 1);

insert into prode(id_person, id_match, id_team, gol) values(5,4, 2, 1);
insert into prode(id_person, id_match, id_team, gol) values(5,4, 3, 7);
insert into prode(id_person, id_match, id_team, gol) values(5,5, 4, 4);
insert into prode(id_person, id_match, id_team, gol) values(5,5, 5, 4);
insert into prode(id_person, id_match, id_team, gol) values(5,6, 2, 9);
insert into prode(id_person, id_match, id_team, gol) values(5,6, 4, 7);
insert into prode(id_person, id_match, id_team, gol) values(5,7, 5, 7);
insert into prode(id_person, id_match, id_team, gol) values(5,7, 3, 8);
insert into prode(id_person, id_match, id_team, gol) values(5,8, 5, 7);
insert into prode(id_person, id_match, id_team, gol) values(5,8, 2, 6);
insert into prode(id_person, id_match, id_team, gol) values(5,9, 3, 4);
insert into prode(id_person, id_match, id_team, gol) values(5,9, 5, 6);
insert into prode(id_person, id_match, id_team, gol) values(5,10, 6, 3);
insert into prode(id_person, id_match, id_team, gol) values(5,10, 7, 4);
insert into prode(id_person, id_match, id_team, gol) values(5,11, 8, 7);
insert into prode(id_person, id_match, id_team, gol) values(5,11, 9, 7);
insert into prode(id_person, id_match, id_team, gol) values(5,13, 9, 3);
insert into prode(id_person, id_match, id_team, gol) values(5,13, 7, 9);
insert into prode(id_person, id_match, id_team, gol) values(5,12, 6, 4);
insert into prode(id_person, id_match, id_team, gol) values(5,12, 8, 6);
insert into prode(id_person, id_match, id_team, gol) values(5,14, 9, 7);
insert into prode(id_person, id_match, id_team, gol) values(5,14, 6, 7);
insert into prode(id_person, id_match, id_team, gol) values(5,15, 7, 1);
insert into prode(id_person, id_match, id_team, gol) values(5,15, 8, 2);
insert into prode(id_person, id_match, id_team, gol) values(5,16, 10, 7);
insert into prode(id_person, id_match, id_team, gol) values(5,16, 11, 3);
insert into prode(id_person, id_match, id_team, gol) values(5,17, 12, 6);
insert into prode(id_person, id_match, id_team, gol) values(5,17, 13, 7);
insert into prode(id_person, id_match, id_team, gol) values(5,18, 10, 9);
insert into prode(id_person, id_match, id_team, gol) values(5,18, 12, 2);
insert into prode(id_person, id_match, id_team, gol) values(5,19, 13, 4);
insert into prode(id_person, id_match, id_team, gol) values(5,19, 11, 3);
insert into prode(id_person, id_match, id_team, gol) values(5,20, 13, 8);
insert into prode(id_person, id_match, id_team, gol) values(5,20, 10, 7);
insert into prode(id_person, id_match, id_team, gol) values(5,21, 11, 7);
insert into prode(id_person, id_match, id_team, gol) values(5,21, 12, 2);
insert into prode(id_person, id_match, id_team, gol) values(5,22, 14, 4);
insert into prode(id_person, id_match, id_team, gol) values(5,22, 15, 9);
insert into prode(id_person, id_match, id_team, gol) values(5,23, 16, 1);
insert into prode(id_person, id_match, id_team, gol) values(5,23, 17, 2);
insert into prode(id_person, id_match, id_team, gol) values(5,24, 14, 4);
insert into prode(id_person, id_match, id_team, gol) values(5,24, 16, 6);
insert into prode(id_person, id_match, id_team, gol) values(5,25, 17, 9);
insert into prode(id_person, id_match, id_team, gol) values(5,25, 15, 7);
insert into prode(id_person, id_match, id_team, gol) values(5,26, 17, 9);
insert into prode(id_person, id_match, id_team, gol) values(5,26, 14, 3);
insert into prode(id_person, id_match, id_team, gol) values(5,27, 15, 1);
insert into prode(id_person, id_match, id_team, gol) values(5,27, 16, 9);
insert into prode(id_person, id_match, id_team, gol) values(5,28, 18, 3);
insert into prode(id_person, id_match, id_team, gol) values(5,28, 19, 9);
insert into prode(id_person, id_match, id_team, gol) values(5,29, 20, 5);
insert into prode(id_person, id_match, id_team, gol) values(5,29, 21, 2);
insert into prode(id_person, id_match, id_team, gol) values(5,30, 18, 6);
insert into prode(id_person, id_match, id_team, gol) values(5,30, 20, 3);
insert into prode(id_person, id_match, id_team, gol) values(5,31, 21, 9);
insert into prode(id_person, id_match, id_team, gol) values(5,31, 19, 1);
insert into prode(id_person, id_match, id_team, gol) values(5,32, 21, 3);
insert into prode(id_person, id_match, id_team, gol) values(5,32, 18, 2);
insert into prode(id_person, id_match, id_team, gol) values(5,33, 19, 2);
insert into prode(id_person, id_match, id_team, gol) values(5,33, 20, 5);
insert into prode(id_person, id_match, id_team, gol) values(5,34, 1, 3);
insert into prode(id_person, id_match, id_team, gol) values(5,34, 22, 3);
insert into prode(id_person, id_match, id_team, gol) values(5,35, 23, 2);
insert into prode(id_person, id_match, id_team, gol) values(5,35, 24, 6);
insert into prode(id_person, id_match, id_team, gol) values(5,36, 1, 5);
insert into prode(id_person, id_match, id_team, gol) values(5,36, 23, 2);
insert into prode(id_person, id_match, id_team, gol) values(5,37, 24, 5);
insert into prode(id_person, id_match, id_team, gol) values(5,37, 22, 1);
insert into prode(id_person, id_match, id_team, gol) values(5,38, 24, 8);
insert into prode(id_person, id_match, id_team, gol) values(5,38, 1, 7);
insert into prode(id_person, id_match, id_team, gol) values(5,39, 22, 3);
insert into prode(id_person, id_match, id_team, gol) values(5,39, 23, 1);
insert into prode(id_person, id_match, id_team, gol) values(5,40, 25, 7);
insert into prode(id_person, id_match, id_team, gol) values(5,40, 26, 9);
insert into prode(id_person, id_match, id_team, gol) values(5,41, 27, 9);
insert into prode(id_person, id_match, id_team, gol) values(5,41, 28, 7);
insert into prode(id_person, id_match, id_team, gol) values(5,42, 25, 1);
insert into prode(id_person, id_match, id_team, gol) values(5,42, 27, 5);
insert into prode(id_person, id_match, id_team, gol) values(5,43, 28, 4);
insert into prode(id_person, id_match, id_team, gol) values(5,43, 26, 4);
insert into prode(id_person, id_match, id_team, gol) values(5,44, 28, 5);
insert into prode(id_person, id_match, id_team, gol) values(5,44, 25, 9);
insert into prode(id_person, id_match, id_team, gol) values(5,45, 26, 2);
insert into prode(id_person, id_match, id_team, gol) values(5,45, 27, 5);
insert into prode(id_person, id_match, id_team, gol) values(5,46, 29, 5);
insert into prode(id_person, id_match, id_team, gol) values(5,46, 30, 9);
insert into prode(id_person, id_match, id_team, gol) values(5,47, 31, 5);
insert into prode(id_person, id_match, id_team, gol) values(5,47, 32, 4);
insert into prode(id_person, id_match, id_team, gol) values(5,48, 29, 8);
insert into prode(id_person, id_match, id_team, gol) values(5,48, 31, 8);
insert into prode(id_person, id_match, id_team, gol) values(5,49, 32, 4);
insert into prode(id_person, id_match, id_team, gol) values(5,49, 30, 7);
insert into prode(id_person, id_match, id_team, gol) values(5,50, 32, 7);
insert into prode(id_person, id_match, id_team, gol) values(5,50, 29, 7);
insert into prode(id_person, id_match, id_team, gol) values(5,53, 30, 4);
insert into prode(id_person, id_match, id_team, gol) values(5,53, 31, 8);

insert into prode(id_person, id_match, id_team, gol) values(6,4, 2, 4);
insert into prode(id_person, id_match, id_team, gol) values(6,4, 3, 7);
insert into prode(id_person, id_match, id_team, gol) values(6,5, 4, 1);
insert into prode(id_person, id_match, id_team, gol) values(6,5, 5, 3);
insert into prode(id_person, id_match, id_team, gol) values(6,6, 2, 2);
insert into prode(id_person, id_match, id_team, gol) values(6,6, 4, 5);
insert into prode(id_person, id_match, id_team, gol) values(6,7, 5, 9);
insert into prode(id_person, id_match, id_team, gol) values(6,7, 3, 7);
insert into prode(id_person, id_match, id_team, gol) values(6,8, 5, 8);
insert into prode(id_person, id_match, id_team, gol) values(6,8, 2, 4);
insert into prode(id_person, id_match, id_team, gol) values(6,9, 3, 1);
insert into prode(id_person, id_match, id_team, gol) values(6,9, 5, 4);
insert into prode(id_person, id_match, id_team, gol) values(6,10, 6, 3);
insert into prode(id_person, id_match, id_team, gol) values(6,10, 7, 7);
insert into prode(id_person, id_match, id_team, gol) values(6,11, 8, 9);
insert into prode(id_person, id_match, id_team, gol) values(6,11, 9, 8);
insert into prode(id_person, id_match, id_team, gol) values(6,13, 9, 8);
insert into prode(id_person, id_match, id_team, gol) values(6,13, 7, 1);
insert into prode(id_person, id_match, id_team, gol) values(6,12, 6, 6);
insert into prode(id_person, id_match, id_team, gol) values(6,12, 8, 3);
insert into prode(id_person, id_match, id_team, gol) values(6,14, 9, 5);
insert into prode(id_person, id_match, id_team, gol) values(6,14, 6, 1);
insert into prode(id_person, id_match, id_team, gol) values(6,15, 7, 4);
insert into prode(id_person, id_match, id_team, gol) values(6,15, 8, 5);
insert into prode(id_person, id_match, id_team, gol) values(6,16, 10, 1);
insert into prode(id_person, id_match, id_team, gol) values(6,16, 11, 9);
insert into prode(id_person, id_match, id_team, gol) values(6,17, 12, 3);
insert into prode(id_person, id_match, id_team, gol) values(6,17, 13, 4);
insert into prode(id_person, id_match, id_team, gol) values(6,18, 10, 8);
insert into prode(id_person, id_match, id_team, gol) values(6,18, 12, 7);
insert into prode(id_person, id_match, id_team, gol) values(6,19, 13, 4);
insert into prode(id_person, id_match, id_team, gol) values(6,19, 11, 2);
insert into prode(id_person, id_match, id_team, gol) values(6,20, 13, 5);
insert into prode(id_person, id_match, id_team, gol) values(6,20, 10, 4);
insert into prode(id_person, id_match, id_team, gol) values(6,21, 11, 8);
insert into prode(id_person, id_match, id_team, gol) values(6,21, 12, 6);
insert into prode(id_person, id_match, id_team, gol) values(6,22, 14, 5);
insert into prode(id_person, id_match, id_team, gol) values(6,22, 15, 7);
insert into prode(id_person, id_match, id_team, gol) values(6,23, 16, 7);
insert into prode(id_person, id_match, id_team, gol) values(6,23, 17, 9);
insert into prode(id_person, id_match, id_team, gol) values(6,24, 14, 4);
insert into prode(id_person, id_match, id_team, gol) values(6,24, 16, 6);
insert into prode(id_person, id_match, id_team, gol) values(6,25, 17, 6);
insert into prode(id_person, id_match, id_team, gol) values(6,25, 15, 7);
insert into prode(id_person, id_match, id_team, gol) values(6,26, 17, 5);
insert into prode(id_person, id_match, id_team, gol) values(6,26, 14, 8);
insert into prode(id_person, id_match, id_team, gol) values(6,27, 15, 7);
insert into prode(id_person, id_match, id_team, gol) values(6,27, 16, 7);
insert into prode(id_person, id_match, id_team, gol) values(6,28, 18, 1);
insert into prode(id_person, id_match, id_team, gol) values(6,28, 19, 2);
insert into prode(id_person, id_match, id_team, gol) values(6,29, 20, 4);
insert into prode(id_person, id_match, id_team, gol) values(6,29, 21, 4);
insert into prode(id_person, id_match, id_team, gol) values(6,30, 18, 5);
insert into prode(id_person, id_match, id_team, gol) values(6,30, 20, 4);
insert into prode(id_person, id_match, id_team, gol) values(6,31, 21, 4);
insert into prode(id_person, id_match, id_team, gol) values(6,31, 19, 5);
insert into prode(id_person, id_match, id_team, gol) values(6,32, 21, 9);
insert into prode(id_person, id_match, id_team, gol) values(6,32, 18, 5);
insert into prode(id_person, id_match, id_team, gol) values(6,33, 19, 1);
insert into prode(id_person, id_match, id_team, gol) values(6,33, 20, 5);
insert into prode(id_person, id_match, id_team, gol) values(6,34, 1, 6);
insert into prode(id_person, id_match, id_team, gol) values(6,34, 22, 3);
insert into prode(id_person, id_match, id_team, gol) values(6,35, 23, 8);
insert into prode(id_person, id_match, id_team, gol) values(6,35, 24, 7);
insert into prode(id_person, id_match, id_team, gol) values(6,36, 1, 5);
insert into prode(id_person, id_match, id_team, gol) values(6,36, 23, 7);
insert into prode(id_person, id_match, id_team, gol) values(6,37, 24, 1);
insert into prode(id_person, id_match, id_team, gol) values(6,37, 22, 8);
insert into prode(id_person, id_match, id_team, gol) values(6,38, 24, 7);
insert into prode(id_person, id_match, id_team, gol) values(6,38, 1, 6);
insert into prode(id_person, id_match, id_team, gol) values(6,39, 22, 9);
insert into prode(id_person, id_match, id_team, gol) values(6,39, 23, 8);
insert into prode(id_person, id_match, id_team, gol) values(6,40, 25, 7);
insert into prode(id_person, id_match, id_team, gol) values(6,40, 26, 3);
insert into prode(id_person, id_match, id_team, gol) values(6,41, 27, 1);
insert into prode(id_person, id_match, id_team, gol) values(6,41, 28, 1);
insert into prode(id_person, id_match, id_team, gol) values(6,42, 25, 4);
insert into prode(id_person, id_match, id_team, gol) values(6,42, 27, 1);
insert into prode(id_person, id_match, id_team, gol) values(6,43, 28, 9);
insert into prode(id_person, id_match, id_team, gol) values(6,43, 26, 9);
insert into prode(id_person, id_match, id_team, gol) values(6,44, 28, 4);
insert into prode(id_person, id_match, id_team, gol) values(6,44, 25, 6);
insert into prode(id_person, id_match, id_team, gol) values(6,45, 26, 6);
insert into prode(id_person, id_match, id_team, gol) values(6,45, 27, 5);
insert into prode(id_person, id_match, id_team, gol) values(6,46, 29, 2);
insert into prode(id_person, id_match, id_team, gol) values(6,46, 30, 3);
insert into prode(id_person, id_match, id_team, gol) values(6,47, 31, 8);
insert into prode(id_person, id_match, id_team, gol) values(6,47, 32, 2);
insert into prode(id_person, id_match, id_team, gol) values(6,48, 29, 4);
insert into prode(id_person, id_match, id_team, gol) values(6,48, 31, 7);
insert into prode(id_person, id_match, id_team, gol) values(6,49, 32, 6);
insert into prode(id_person, id_match, id_team, gol) values(6,49, 30, 9);
insert into prode(id_person, id_match, id_team, gol) values(6,50, 32, 1);
insert into prode(id_person, id_match, id_team, gol) values(6,50, 29, 4);
insert into prode(id_person, id_match, id_team, gol) values(6,53, 30, 3);
insert into prode(id_person, id_match, id_team, gol) values(6,53, 31, 3);

insert into prode(id_person, id_match, id_team, gol) values(7,4, 2, 9);
insert into prode(id_person, id_match, id_team, gol) values(7,4, 3, 9);
insert into prode(id_person, id_match, id_team, gol) values(7,5, 4, 1);
insert into prode(id_person, id_match, id_team, gol) values(7,5, 5, 2);
insert into prode(id_person, id_match, id_team, gol) values(7,6, 2, 2);
insert into prode(id_person, id_match, id_team, gol) values(7,6, 4, 7);
insert into prode(id_person, id_match, id_team, gol) values(7,7, 5, 1);
insert into prode(id_person, id_match, id_team, gol) values(7,7, 3, 7);
insert into prode(id_person, id_match, id_team, gol) values(7,8, 5, 6);
insert into prode(id_person, id_match, id_team, gol) values(7,8, 2, 5);
insert into prode(id_person, id_match, id_team, gol) values(7,9, 3, 2);
insert into prode(id_person, id_match, id_team, gol) values(7,9, 5, 5);
insert into prode(id_person, id_match, id_team, gol) values(7,10, 6, 6);
insert into prode(id_person, id_match, id_team, gol) values(7,10, 7, 2);
insert into prode(id_person, id_match, id_team, gol) values(7,11, 8, 5);
insert into prode(id_person, id_match, id_team, gol) values(7,11, 9, 9);
insert into prode(id_person, id_match, id_team, gol) values(7,13, 9, 8);
insert into prode(id_person, id_match, id_team, gol) values(7,13, 7, 8);
insert into prode(id_person, id_match, id_team, gol) values(7,12, 6, 9);
insert into prode(id_person, id_match, id_team, gol) values(7,12, 8, 1);
insert into prode(id_person, id_match, id_team, gol) values(7,14, 9, 6);
insert into prode(id_person, id_match, id_team, gol) values(7,14, 6, 1);
insert into prode(id_person, id_match, id_team, gol) values(7,15, 7, 9);
insert into prode(id_person, id_match, id_team, gol) values(7,15, 8, 3);
insert into prode(id_person, id_match, id_team, gol) values(7,16, 10, 4);
insert into prode(id_person, id_match, id_team, gol) values(7,16, 11, 1);
insert into prode(id_person, id_match, id_team, gol) values(7,17, 12, 7);
insert into prode(id_person, id_match, id_team, gol) values(7,17, 13, 3);
insert into prode(id_person, id_match, id_team, gol) values(7,18, 10, 2);
insert into prode(id_person, id_match, id_team, gol) values(7,18, 12, 7);
insert into prode(id_person, id_match, id_team, gol) values(7,19, 13, 2);
insert into prode(id_person, id_match, id_team, gol) values(7,19, 11, 3);
insert into prode(id_person, id_match, id_team, gol) values(7,20, 13, 4);
insert into prode(id_person, id_match, id_team, gol) values(7,20, 10, 6);
insert into prode(id_person, id_match, id_team, gol) values(7,21, 11, 7);
insert into prode(id_person, id_match, id_team, gol) values(7,21, 12, 3);
insert into prode(id_person, id_match, id_team, gol) values(7,22, 14, 6);
insert into prode(id_person, id_match, id_team, gol) values(7,22, 15, 3);
insert into prode(id_person, id_match, id_team, gol) values(7,23, 16, 1);
insert into prode(id_person, id_match, id_team, gol) values(7,23, 17, 4);
insert into prode(id_person, id_match, id_team, gol) values(7,24, 14, 5);
insert into prode(id_person, id_match, id_team, gol) values(7,24, 16, 6);
insert into prode(id_person, id_match, id_team, gol) values(7,25, 17, 5);
insert into prode(id_person, id_match, id_team, gol) values(7,25, 15, 1);
insert into prode(id_person, id_match, id_team, gol) values(7,26, 17, 2);
insert into prode(id_person, id_match, id_team, gol) values(7,26, 14, 9);
insert into prode(id_person, id_match, id_team, gol) values(7,27, 15, 9);
insert into prode(id_person, id_match, id_team, gol) values(7,27, 16, 5);
insert into prode(id_person, id_match, id_team, gol) values(7,28, 18, 4);
insert into prode(id_person, id_match, id_team, gol) values(7,28, 19, 1);
insert into prode(id_person, id_match, id_team, gol) values(7,29, 20, 6);
insert into prode(id_person, id_match, id_team, gol) values(7,29, 21, 4);
insert into prode(id_person, id_match, id_team, gol) values(7,30, 18, 1);
insert into prode(id_person, id_match, id_team, gol) values(7,30, 20, 6);
insert into prode(id_person, id_match, id_team, gol) values(7,31, 21, 7);
insert into prode(id_person, id_match, id_team, gol) values(7,31, 19, 9);
insert into prode(id_person, id_match, id_team, gol) values(7,32, 21, 5);
insert into prode(id_person, id_match, id_team, gol) values(7,32, 18, 9);
insert into prode(id_person, id_match, id_team, gol) values(7,33, 19, 9);
insert into prode(id_person, id_match, id_team, gol) values(7,33, 20, 4);
insert into prode(id_person, id_match, id_team, gol) values(7,34, 1, 7);
insert into prode(id_person, id_match, id_team, gol) values(7,34, 22, 1);
insert into prode(id_person, id_match, id_team, gol) values(7,35, 23, 4);
insert into prode(id_person, id_match, id_team, gol) values(7,35, 24, 9);
insert into prode(id_person, id_match, id_team, gol) values(7,36, 1, 1);
insert into prode(id_person, id_match, id_team, gol) values(7,36, 23, 2);
insert into prode(id_person, id_match, id_team, gol) values(7,37, 24, 1);
insert into prode(id_person, id_match, id_team, gol) values(7,37, 22, 8);
insert into prode(id_person, id_match, id_team, gol) values(7,38, 24, 3);
insert into prode(id_person, id_match, id_team, gol) values(7,38, 1, 1);
insert into prode(id_person, id_match, id_team, gol) values(7,39, 22, 6);
insert into prode(id_person, id_match, id_team, gol) values(7,39, 23, 3);
insert into prode(id_person, id_match, id_team, gol) values(7,40, 25, 3);
insert into prode(id_person, id_match, id_team, gol) values(7,40, 26, 6);
insert into prode(id_person, id_match, id_team, gol) values(7,41, 27, 7);
insert into prode(id_person, id_match, id_team, gol) values(7,41, 28, 1);
insert into prode(id_person, id_match, id_team, gol) values(7,42, 25, 7);
insert into prode(id_person, id_match, id_team, gol) values(7,42, 27, 3);
insert into prode(id_person, id_match, id_team, gol) values(7,43, 28, 4);
insert into prode(id_person, id_match, id_team, gol) values(7,43, 26, 1);
insert into prode(id_person, id_match, id_team, gol) values(7,44, 28, 3);
insert into prode(id_person, id_match, id_team, gol) values(7,44, 25, 6);
insert into prode(id_person, id_match, id_team, gol) values(7,45, 26, 4);
insert into prode(id_person, id_match, id_team, gol) values(7,45, 27, 5);
insert into prode(id_person, id_match, id_team, gol) values(7,46, 29, 7);
insert into prode(id_person, id_match, id_team, gol) values(7,46, 30, 8);
insert into prode(id_person, id_match, id_team, gol) values(7,47, 31, 8);
insert into prode(id_person, id_match, id_team, gol) values(7,47, 32, 1);
insert into prode(id_person, id_match, id_team, gol) values(7,48, 29, 3);
insert into prode(id_person, id_match, id_team, gol) values(7,48, 31, 3);
insert into prode(id_person, id_match, id_team, gol) values(7,49, 32, 7);
insert into prode(id_person, id_match, id_team, gol) values(7,49, 30, 6);
insert into prode(id_person, id_match, id_team, gol) values(7,50, 32, 2);
insert into prode(id_person, id_match, id_team, gol) values(7,50, 29, 5);
insert into prode(id_person, id_match, id_team, gol) values(7,53, 30, 8);
insert into prode(id_person, id_match, id_team, gol) values(7,53, 31, 9);

insert into prode(id_person, id_match, id_team, gol) values(8,4, 2, 5);
insert into prode(id_person, id_match, id_team, gol) values(8,4, 3, 1);
insert into prode(id_person, id_match, id_team, gol) values(8,5, 4, 7);
insert into prode(id_person, id_match, id_team, gol) values(8,5, 5, 9);
insert into prode(id_person, id_match, id_team, gol) values(8,6, 2, 7);
insert into prode(id_person, id_match, id_team, gol) values(8,6, 4, 3);
insert into prode(id_person, id_match, id_team, gol) values(8,7, 5, 1);
insert into prode(id_person, id_match, id_team, gol) values(8,7, 3, 5);
insert into prode(id_person, id_match, id_team, gol) values(8,8, 5, 1);
insert into prode(id_person, id_match, id_team, gol) values(8,8, 2, 9);
insert into prode(id_person, id_match, id_team, gol) values(8,9, 3, 8);
insert into prode(id_person, id_match, id_team, gol) values(8,9, 5, 2);
insert into prode(id_person, id_match, id_team, gol) values(8,10, 6, 7);
insert into prode(id_person, id_match, id_team, gol) values(8,10, 7, 3);
insert into prode(id_person, id_match, id_team, gol) values(8,11, 8, 4);
insert into prode(id_person, id_match, id_team, gol) values(8,11, 9, 7);
insert into prode(id_person, id_match, id_team, gol) values(8,13, 9, 9);
insert into prode(id_person, id_match, id_team, gol) values(8,13, 7, 2);
insert into prode(id_person, id_match, id_team, gol) values(8,12, 6, 2);
insert into prode(id_person, id_match, id_team, gol) values(8,12, 8, 9);
insert into prode(id_person, id_match, id_team, gol) values(8,14, 9, 6);
insert into prode(id_person, id_match, id_team, gol) values(8,14, 6, 8);
insert into prode(id_person, id_match, id_team, gol) values(8,15, 7, 9);
insert into prode(id_person, id_match, id_team, gol) values(8,15, 8, 4);
insert into prode(id_person, id_match, id_team, gol) values(8,16, 10, 2);
insert into prode(id_person, id_match, id_team, gol) values(8,16, 11, 9);
insert into prode(id_person, id_match, id_team, gol) values(8,17, 12, 3);
insert into prode(id_person, id_match, id_team, gol) values(8,17, 13, 4);
insert into prode(id_person, id_match, id_team, gol) values(8,18, 10, 4);
insert into prode(id_person, id_match, id_team, gol) values(8,18, 12, 3);
insert into prode(id_person, id_match, id_team, gol) values(8,19, 13, 1);
insert into prode(id_person, id_match, id_team, gol) values(8,19, 11, 4);
insert into prode(id_person, id_match, id_team, gol) values(8,20, 13, 8);
insert into prode(id_person, id_match, id_team, gol) values(8,20, 10, 6);
insert into prode(id_person, id_match, id_team, gol) values(8,21, 11, 6);
insert into prode(id_person, id_match, id_team, gol) values(8,21, 12, 7);
insert into prode(id_person, id_match, id_team, gol) values(8,22, 14, 9);
insert into prode(id_person, id_match, id_team, gol) values(8,22, 15, 5);
insert into prode(id_person, id_match, id_team, gol) values(8,23, 16, 5);
insert into prode(id_person, id_match, id_team, gol) values(8,23, 17, 8);
insert into prode(id_person, id_match, id_team, gol) values(8,24, 14, 4);
insert into prode(id_person, id_match, id_team, gol) values(8,24, 16, 3);
insert into prode(id_person, id_match, id_team, gol) values(8,25, 17, 8);
insert into prode(id_person, id_match, id_team, gol) values(8,25, 15, 1);
insert into prode(id_person, id_match, id_team, gol) values(8,26, 17, 3);
insert into prode(id_person, id_match, id_team, gol) values(8,26, 14, 1);
insert into prode(id_person, id_match, id_team, gol) values(8,27, 15, 4);
insert into prode(id_person, id_match, id_team, gol) values(8,27, 16, 8);
insert into prode(id_person, id_match, id_team, gol) values(8,28, 18, 4);
insert into prode(id_person, id_match, id_team, gol) values(8,28, 19, 6);
insert into prode(id_person, id_match, id_team, gol) values(8,29, 20, 7);
insert into prode(id_person, id_match, id_team, gol) values(8,29, 21, 3);
insert into prode(id_person, id_match, id_team, gol) values(8,30, 18, 1);
insert into prode(id_person, id_match, id_team, gol) values(8,30, 20, 1);
insert into prode(id_person, id_match, id_team, gol) values(8,31, 21, 5);
insert into prode(id_person, id_match, id_team, gol) values(8,31, 19, 9);
insert into prode(id_person, id_match, id_team, gol) values(8,32, 21, 2);
insert into prode(id_person, id_match, id_team, gol) values(8,32, 18, 8);
insert into prode(id_person, id_match, id_team, gol) values(8,33, 19, 7);
insert into prode(id_person, id_match, id_team, gol) values(8,33, 20, 9);
insert into prode(id_person, id_match, id_team, gol) values(8,34, 1, 5);
insert into prode(id_person, id_match, id_team, gol) values(8,34, 22, 8);
insert into prode(id_person, id_match, id_team, gol) values(8,35, 23, 1);
insert into prode(id_person, id_match, id_team, gol) values(8,35, 24, 7);
insert into prode(id_person, id_match, id_team, gol) values(8,36, 1, 7);
insert into prode(id_person, id_match, id_team, gol) values(8,36, 23, 2);
insert into prode(id_person, id_match, id_team, gol) values(8,37, 24, 7);
insert into prode(id_person, id_match, id_team, gol) values(8,37, 22, 3);
insert into prode(id_person, id_match, id_team, gol) values(8,38, 24, 2);
insert into prode(id_person, id_match, id_team, gol) values(8,38, 1, 2);
insert into prode(id_person, id_match, id_team, gol) values(8,39, 22, 7);
insert into prode(id_person, id_match, id_team, gol) values(8,39, 23, 6);
insert into prode(id_person, id_match, id_team, gol) values(8,40, 25, 8);
insert into prode(id_person, id_match, id_team, gol) values(8,40, 26, 8);
insert into prode(id_person, id_match, id_team, gol) values(8,41, 27, 9);
insert into prode(id_person, id_match, id_team, gol) values(8,41, 28, 3);
insert into prode(id_person, id_match, id_team, gol) values(8,42, 25, 9);
insert into prode(id_person, id_match, id_team, gol) values(8,42, 27, 8);
insert into prode(id_person, id_match, id_team, gol) values(8,43, 28, 2);
insert into prode(id_person, id_match, id_team, gol) values(8,43, 26, 3);
insert into prode(id_person, id_match, id_team, gol) values(8,44, 28, 2);
insert into prode(id_person, id_match, id_team, gol) values(8,44, 25, 8);
insert into prode(id_person, id_match, id_team, gol) values(8,45, 26, 1);
insert into prode(id_person, id_match, id_team, gol) values(8,45, 27, 5);
insert into prode(id_person, id_match, id_team, gol) values(8,46, 29, 2);
insert into prode(id_person, id_match, id_team, gol) values(8,46, 30, 2);
insert into prode(id_person, id_match, id_team, gol) values(8,47, 31, 5);
insert into prode(id_person, id_match, id_team, gol) values(8,47, 32, 8);
insert into prode(id_person, id_match, id_team, gol) values(8,48, 29, 9);
insert into prode(id_person, id_match, id_team, gol) values(8,48, 31, 7);
insert into prode(id_person, id_match, id_team, gol) values(8,49, 32, 4);
insert into prode(id_person, id_match, id_team, gol) values(8,49, 30, 8);
insert into prode(id_person, id_match, id_team, gol) values(8,50, 32, 6);
insert into prode(id_person, id_match, id_team, gol) values(8,50, 29, 9);
insert into prode(id_person, id_match, id_team, gol) values(8,53, 30, 3);
insert into prode(id_person, id_match, id_team, gol) values(8,53, 31, 6);

insert into prode(id_person, id_match, id_team, gol) values(9,4, 2, 9);
insert into prode(id_person, id_match, id_team, gol) values(9,4, 3, 2);
insert into prode(id_person, id_match, id_team, gol) values(9,5, 4, 5);
insert into prode(id_person, id_match, id_team, gol) values(9,5, 5, 2);
insert into prode(id_person, id_match, id_team, gol) values(9,6, 2, 8);
insert into prode(id_person, id_match, id_team, gol) values(9,6, 4, 1);
insert into prode(id_person, id_match, id_team, gol) values(9,7, 5, 4);
insert into prode(id_person, id_match, id_team, gol) values(9,7, 3, 7);
insert into prode(id_person, id_match, id_team, gol) values(9,8, 5, 9);
insert into prode(id_person, id_match, id_team, gol) values(9,8, 2, 7);
insert into prode(id_person, id_match, id_team, gol) values(9,9, 3, 8);
insert into prode(id_person, id_match, id_team, gol) values(9,9, 5, 8);
insert into prode(id_person, id_match, id_team, gol) values(9,10, 6, 2);
insert into prode(id_person, id_match, id_team, gol) values(9,10, 7, 3);
insert into prode(id_person, id_match, id_team, gol) values(9,11, 8, 7);
insert into prode(id_person, id_match, id_team, gol) values(9,11, 9, 8);
insert into prode(id_person, id_match, id_team, gol) values(9,13, 9, 1);
insert into prode(id_person, id_match, id_team, gol) values(9,13, 7, 8);
insert into prode(id_person, id_match, id_team, gol) values(9,12, 6, 2);
insert into prode(id_person, id_match, id_team, gol) values(9,12, 8, 1);
insert into prode(id_person, id_match, id_team, gol) values(9,14, 9, 1);
insert into prode(id_person, id_match, id_team, gol) values(9,14, 6, 5);
insert into prode(id_person, id_match, id_team, gol) values(9,15, 7, 4);
insert into prode(id_person, id_match, id_team, gol) values(9,15, 8, 4);
insert into prode(id_person, id_match, id_team, gol) values(9,16, 10, 9);
insert into prode(id_person, id_match, id_team, gol) values(9,16, 11, 1);
insert into prode(id_person, id_match, id_team, gol) values(9,17, 12, 1);
insert into prode(id_person, id_match, id_team, gol) values(9,17, 13, 5);
insert into prode(id_person, id_match, id_team, gol) values(9,18, 10, 3);
insert into prode(id_person, id_match, id_team, gol) values(9,18, 12, 7);
insert into prode(id_person, id_match, id_team, gol) values(9,19, 13, 6);
insert into prode(id_person, id_match, id_team, gol) values(9,19, 11, 4);
insert into prode(id_person, id_match, id_team, gol) values(9,20, 13, 2);
insert into prode(id_person, id_match, id_team, gol) values(9,20, 10, 8);
insert into prode(id_person, id_match, id_team, gol) values(9,21, 11, 1);
insert into prode(id_person, id_match, id_team, gol) values(9,21, 12, 6);
insert into prode(id_person, id_match, id_team, gol) values(9,22, 14, 7);
insert into prode(id_person, id_match, id_team, gol) values(9,22, 15, 9);
insert into prode(id_person, id_match, id_team, gol) values(9,23, 16, 2);
insert into prode(id_person, id_match, id_team, gol) values(9,23, 17, 9);
insert into prode(id_person, id_match, id_team, gol) values(9,24, 14, 7);
insert into prode(id_person, id_match, id_team, gol) values(9,24, 16, 3);
insert into prode(id_person, id_match, id_team, gol) values(9,25, 17, 4);
insert into prode(id_person, id_match, id_team, gol) values(9,25, 15, 8);
insert into prode(id_person, id_match, id_team, gol) values(9,26, 17, 7);
insert into prode(id_person, id_match, id_team, gol) values(9,26, 14, 1);
insert into prode(id_person, id_match, id_team, gol) values(9,27, 15, 3);
insert into prode(id_person, id_match, id_team, gol) values(9,27, 16, 1);
insert into prode(id_person, id_match, id_team, gol) values(9,28, 18, 1);
insert into prode(id_person, id_match, id_team, gol) values(9,28, 19, 4);
insert into prode(id_person, id_match, id_team, gol) values(9,29, 20, 4);
insert into prode(id_person, id_match, id_team, gol) values(9,29, 21, 5);
insert into prode(id_person, id_match, id_team, gol) values(9,30, 18, 8);
insert into prode(id_person, id_match, id_team, gol) values(9,30, 20, 2);
insert into prode(id_person, id_match, id_team, gol) values(9,31, 21, 1);
insert into prode(id_person, id_match, id_team, gol) values(9,31, 19, 2);
insert into prode(id_person, id_match, id_team, gol) values(9,32, 21, 6);
insert into prode(id_person, id_match, id_team, gol) values(9,32, 18, 8);
insert into prode(id_person, id_match, id_team, gol) values(9,33, 19, 1);
insert into prode(id_person, id_match, id_team, gol) values(9,33, 20, 5);
insert into prode(id_person, id_match, id_team, gol) values(9,34, 1, 7);
insert into prode(id_person, id_match, id_team, gol) values(9,34, 22, 8);
insert into prode(id_person, id_match, id_team, gol) values(9,35, 23, 9);
insert into prode(id_person, id_match, id_team, gol) values(9,35, 24, 6);
insert into prode(id_person, id_match, id_team, gol) values(9,36, 1, 6);
insert into prode(id_person, id_match, id_team, gol) values(9,36, 23, 5);
insert into prode(id_person, id_match, id_team, gol) values(9,37, 24, 7);
insert into prode(id_person, id_match, id_team, gol) values(9,37, 22, 7);
insert into prode(id_person, id_match, id_team, gol) values(9,38, 24, 4);
insert into prode(id_person, id_match, id_team, gol) values(9,38, 1, 2);
insert into prode(id_person, id_match, id_team, gol) values(9,39, 22, 5);
insert into prode(id_person, id_match, id_team, gol) values(9,39, 23, 2);
insert into prode(id_person, id_match, id_team, gol) values(9,40, 25, 2);
insert into prode(id_person, id_match, id_team, gol) values(9,40, 26, 8);
insert into prode(id_person, id_match, id_team, gol) values(9,41, 27, 9);
insert into prode(id_person, id_match, id_team, gol) values(9,41, 28, 9);
insert into prode(id_person, id_match, id_team, gol) values(9,42, 25, 1);
insert into prode(id_person, id_match, id_team, gol) values(9,42, 27, 9);
insert into prode(id_person, id_match, id_team, gol) values(9,43, 28, 6);
insert into prode(id_person, id_match, id_team, gol) values(9,43, 26, 3);
insert into prode(id_person, id_match, id_team, gol) values(9,44, 28, 5);
insert into prode(id_person, id_match, id_team, gol) values(9,44, 25, 8);
insert into prode(id_person, id_match, id_team, gol) values(9,45, 26, 3);
insert into prode(id_person, id_match, id_team, gol) values(9,45, 27, 8);
insert into prode(id_person, id_match, id_team, gol) values(9,46, 29, 3);
insert into prode(id_person, id_match, id_team, gol) values(9,46, 30, 9);
insert into prode(id_person, id_match, id_team, gol) values(9,47, 31, 2);
insert into prode(id_person, id_match, id_team, gol) values(9,47, 32, 4);
insert into prode(id_person, id_match, id_team, gol) values(9,48, 29, 1);
insert into prode(id_person, id_match, id_team, gol) values(9,48, 31, 4);
insert into prode(id_person, id_match, id_team, gol) values(9,49, 32, 4);
insert into prode(id_person, id_match, id_team, gol) values(9,49, 30, 8);
insert into prode(id_person, id_match, id_team, gol) values(9,50, 32, 8);
insert into prode(id_person, id_match, id_team, gol) values(9,50, 29, 8);
insert into prode(id_person, id_match, id_team, gol) values(9,53, 30, 8);
insert into prode(id_person, id_match, id_team, gol) values(9,53, 31, 8);

insert into prode(id_person, id_match, id_team, gol) values(10,4, 2, 5);
insert into prode(id_person, id_match, id_team, gol) values(10,4, 3, 1);
insert into prode(id_person, id_match, id_team, gol) values(10,5, 4, 1);
insert into prode(id_person, id_match, id_team, gol) values(10,5, 5, 5);
insert into prode(id_person, id_match, id_team, gol) values(10,6, 2, 9);
insert into prode(id_person, id_match, id_team, gol) values(10,6, 4, 1);
insert into prode(id_person, id_match, id_team, gol) values(10,7, 5, 4);
insert into prode(id_person, id_match, id_team, gol) values(10,7, 3, 8);
insert into prode(id_person, id_match, id_team, gol) values(10,8, 5, 2);
insert into prode(id_person, id_match, id_team, gol) values(10,8, 2, 1);
insert into prode(id_person, id_match, id_team, gol) values(10,9, 3, 5);
insert into prode(id_person, id_match, id_team, gol) values(10,9, 5, 2);
insert into prode(id_person, id_match, id_team, gol) values(10,10, 6, 5);
insert into prode(id_person, id_match, id_team, gol) values(10,10, 7, 9);
insert into prode(id_person, id_match, id_team, gol) values(10,11, 8, 3);
insert into prode(id_person, id_match, id_team, gol) values(10,11, 9, 8);
insert into prode(id_person, id_match, id_team, gol) values(10,13, 9, 4);
insert into prode(id_person, id_match, id_team, gol) values(10,13, 7, 9);
insert into prode(id_person, id_match, id_team, gol) values(10,12, 6, 4);
insert into prode(id_person, id_match, id_team, gol) values(10,12, 8, 1);
insert into prode(id_person, id_match, id_team, gol) values(10,14, 9, 2);
insert into prode(id_person, id_match, id_team, gol) values(10,14, 6, 1);
insert into prode(id_person, id_match, id_team, gol) values(10,15, 7, 1);
insert into prode(id_person, id_match, id_team, gol) values(10,15, 8, 1);
insert into prode(id_person, id_match, id_team, gol) values(10,16, 10, 8);
insert into prode(id_person, id_match, id_team, gol) values(10,16, 11, 2);
insert into prode(id_person, id_match, id_team, gol) values(10,17, 12, 7);
insert into prode(id_person, id_match, id_team, gol) values(10,17, 13, 6);
insert into prode(id_person, id_match, id_team, gol) values(10,18, 10, 2);
insert into prode(id_person, id_match, id_team, gol) values(10,18, 12, 6);
insert into prode(id_person, id_match, id_team, gol) values(10,19, 13, 3);
insert into prode(id_person, id_match, id_team, gol) values(10,19, 11, 1);
insert into prode(id_person, id_match, id_team, gol) values(10,20, 13, 5);
insert into prode(id_person, id_match, id_team, gol) values(10,20, 10, 3);
insert into prode(id_person, id_match, id_team, gol) values(10,21, 11, 5);
insert into prode(id_person, id_match, id_team, gol) values(10,21, 12, 6);
insert into prode(id_person, id_match, id_team, gol) values(10,22, 14, 4);
insert into prode(id_person, id_match, id_team, gol) values(10,22, 15, 4);
insert into prode(id_person, id_match, id_team, gol) values(10,23, 16, 5);
insert into prode(id_person, id_match, id_team, gol) values(10,23, 17, 1);
insert into prode(id_person, id_match, id_team, gol) values(10,24, 14, 1);
insert into prode(id_person, id_match, id_team, gol) values(10,24, 16, 7);
insert into prode(id_person, id_match, id_team, gol) values(10,25, 17, 6);
insert into prode(id_person, id_match, id_team, gol) values(10,25, 15, 1);
insert into prode(id_person, id_match, id_team, gol) values(10,26, 17, 5);
insert into prode(id_person, id_match, id_team, gol) values(10,26, 14, 1);
insert into prode(id_person, id_match, id_team, gol) values(10,27, 15, 2);
insert into prode(id_person, id_match, id_team, gol) values(10,27, 16, 4);
insert into prode(id_person, id_match, id_team, gol) values(10,28, 18, 4);
insert into prode(id_person, id_match, id_team, gol) values(10,28, 19, 7);
insert into prode(id_person, id_match, id_team, gol) values(10,29, 20, 5);
insert into prode(id_person, id_match, id_team, gol) values(10,29, 21, 3);
insert into prode(id_person, id_match, id_team, gol) values(10,30, 18, 6);
insert into prode(id_person, id_match, id_team, gol) values(10,30, 20, 9);
insert into prode(id_person, id_match, id_team, gol) values(10,31, 21, 3);
insert into prode(id_person, id_match, id_team, gol) values(10,31, 19, 3);
insert into prode(id_person, id_match, id_team, gol) values(10,32, 21, 4);
insert into prode(id_person, id_match, id_team, gol) values(10,32, 18, 4);
insert into prode(id_person, id_match, id_team, gol) values(10,33, 19, 2);
insert into prode(id_person, id_match, id_team, gol) values(10,33, 20, 3);
insert into prode(id_person, id_match, id_team, gol) values(10,34, 1, 9);
insert into prode(id_person, id_match, id_team, gol) values(10,34, 22, 7);
insert into prode(id_person, id_match, id_team, gol) values(10,35, 23, 9);
insert into prode(id_person, id_match, id_team, gol) values(10,35, 24, 9);
insert into prode(id_person, id_match, id_team, gol) values(10,36, 1, 4);
insert into prode(id_person, id_match, id_team, gol) values(10,36, 23, 9);
insert into prode(id_person, id_match, id_team, gol) values(10,37, 24, 6);
insert into prode(id_person, id_match, id_team, gol) values(10,37, 22, 7);
insert into prode(id_person, id_match, id_team, gol) values(10,38, 24, 5);
insert into prode(id_person, id_match, id_team, gol) values(10,38, 1, 9);
insert into prode(id_person, id_match, id_team, gol) values(10,39, 22, 5);
insert into prode(id_person, id_match, id_team, gol) values(10,39, 23, 1);
insert into prode(id_person, id_match, id_team, gol) values(10,40, 25, 6);
insert into prode(id_person, id_match, id_team, gol) values(10,40, 26, 5);
insert into prode(id_person, id_match, id_team, gol) values(10,41, 27, 6);
insert into prode(id_person, id_match, id_team, gol) values(10,41, 28, 4);
insert into prode(id_person, id_match, id_team, gol) values(10,42, 25, 1);
insert into prode(id_person, id_match, id_team, gol) values(10,42, 27, 1);
insert into prode(id_person, id_match, id_team, gol) values(10,43, 28, 8);
insert into prode(id_person, id_match, id_team, gol) values(10,43, 26, 1);
insert into prode(id_person, id_match, id_team, gol) values(10,44, 28, 3);
insert into prode(id_person, id_match, id_team, gol) values(10,44, 25, 6);
insert into prode(id_person, id_match, id_team, gol) values(10,45, 26, 5);
insert into prode(id_person, id_match, id_team, gol) values(10,45, 27, 1);
insert into prode(id_person, id_match, id_team, gol) values(10,46, 29, 4);
insert into prode(id_person, id_match, id_team, gol) values(10,46, 30, 3);
insert into prode(id_person, id_match, id_team, gol) values(10,47, 31, 4);
insert into prode(id_person, id_match, id_team, gol) values(10,47, 32, 4);
insert into prode(id_person, id_match, id_team, gol) values(10,48, 29, 4);
insert into prode(id_person, id_match, id_team, gol) values(10,48, 31, 5);
insert into prode(id_person, id_match, id_team, gol) values(10,49, 32, 5);
insert into prode(id_person, id_match, id_team, gol) values(10,49, 30, 3);
insert into prode(id_person, id_match, id_team, gol) values(10,50, 32, 7);
insert into prode(id_person, id_match, id_team, gol) values(10,50, 29, 6);
insert into prode(id_person, id_match, id_team, gol) values(10,53, 30, 6);
insert into prode(id_person, id_match, id_team, gol) values(10,53, 31, 9);

insert into prode(id_person, id_match, id_team, gol) values(11,4, 2, 5);
insert into prode(id_person, id_match, id_team, gol) values(11,4, 3, 5);
insert into prode(id_person, id_match, id_team, gol) values(11,5, 4, 2);
insert into prode(id_person, id_match, id_team, gol) values(11,5, 5, 2);
insert into prode(id_person, id_match, id_team, gol) values(11,6, 2, 1);
insert into prode(id_person, id_match, id_team, gol) values(11,6, 4, 3);
insert into prode(id_person, id_match, id_team, gol) values(11,7, 5, 6);
insert into prode(id_person, id_match, id_team, gol) values(11,7, 3, 9);
insert into prode(id_person, id_match, id_team, gol) values(11,8, 5, 3);
insert into prode(id_person, id_match, id_team, gol) values(11,8, 2, 5);
insert into prode(id_person, id_match, id_team, gol) values(11,9, 3, 7);
insert into prode(id_person, id_match, id_team, gol) values(11,9, 5, 2);
insert into prode(id_person, id_match, id_team, gol) values(11,10, 6, 2);
insert into prode(id_person, id_match, id_team, gol) values(11,10, 7, 9);
insert into prode(id_person, id_match, id_team, gol) values(11,11, 8, 1);
insert into prode(id_person, id_match, id_team, gol) values(11,11, 9, 4);
insert into prode(id_person, id_match, id_team, gol) values(11,13, 9, 7);
insert into prode(id_person, id_match, id_team, gol) values(11,13, 7, 3);
insert into prode(id_person, id_match, id_team, gol) values(11,12, 6, 7);
insert into prode(id_person, id_match, id_team, gol) values(11,12, 8, 6);
insert into prode(id_person, id_match, id_team, gol) values(11,14, 9, 6);
insert into prode(id_person, id_match, id_team, gol) values(11,14, 6, 6);
insert into prode(id_person, id_match, id_team, gol) values(11,15, 7, 1);
insert into prode(id_person, id_match, id_team, gol) values(11,15, 8, 7);
insert into prode(id_person, id_match, id_team, gol) values(11,16, 10, 5);
insert into prode(id_person, id_match, id_team, gol) values(11,16, 11, 5);
insert into prode(id_person, id_match, id_team, gol) values(11,17, 12, 3);
insert into prode(id_person, id_match, id_team, gol) values(11,17, 13, 3);
insert into prode(id_person, id_match, id_team, gol) values(11,18, 10, 6);
insert into prode(id_person, id_match, id_team, gol) values(11,18, 12, 7);
insert into prode(id_person, id_match, id_team, gol) values(11,19, 13, 5);
insert into prode(id_person, id_match, id_team, gol) values(11,19, 11, 7);
insert into prode(id_person, id_match, id_team, gol) values(11,20, 13, 3);
insert into prode(id_person, id_match, id_team, gol) values(11,20, 10, 8);
insert into prode(id_person, id_match, id_team, gol) values(11,21, 11, 1);
insert into prode(id_person, id_match, id_team, gol) values(11,21, 12, 6);
insert into prode(id_person, id_match, id_team, gol) values(11,22, 14, 1);
insert into prode(id_person, id_match, id_team, gol) values(11,22, 15, 5);
insert into prode(id_person, id_match, id_team, gol) values(11,23, 16, 2);
insert into prode(id_person, id_match, id_team, gol) values(11,23, 17, 8);
insert into prode(id_person, id_match, id_team, gol) values(11,24, 14, 6);
insert into prode(id_person, id_match, id_team, gol) values(11,24, 16, 3);
insert into prode(id_person, id_match, id_team, gol) values(11,25, 17, 9);
insert into prode(id_person, id_match, id_team, gol) values(11,25, 15, 4);
insert into prode(id_person, id_match, id_team, gol) values(11,26, 17, 9);
insert into prode(id_person, id_match, id_team, gol) values(11,26, 14, 2);
insert into prode(id_person, id_match, id_team, gol) values(11,27, 15, 8);
insert into prode(id_person, id_match, id_team, gol) values(11,27, 16, 2);
insert into prode(id_person, id_match, id_team, gol) values(11,28, 18, 5);
insert into prode(id_person, id_match, id_team, gol) values(11,28, 19, 1);
insert into prode(id_person, id_match, id_team, gol) values(11,29, 20, 6);
insert into prode(id_person, id_match, id_team, gol) values(11,29, 21, 5);
insert into prode(id_person, id_match, id_team, gol) values(11,30, 18, 6);
insert into prode(id_person, id_match, id_team, gol) values(11,30, 20, 5);
insert into prode(id_person, id_match, id_team, gol) values(11,31, 21, 6);
insert into prode(id_person, id_match, id_team, gol) values(11,31, 19, 1);
insert into prode(id_person, id_match, id_team, gol) values(11,32, 21, 8);
insert into prode(id_person, id_match, id_team, gol) values(11,32, 18, 7);
insert into prode(id_person, id_match, id_team, gol) values(11,33, 19, 3);
insert into prode(id_person, id_match, id_team, gol) values(11,33, 20, 2);
insert into prode(id_person, id_match, id_team, gol) values(11,34, 1, 7);
insert into prode(id_person, id_match, id_team, gol) values(11,34, 22, 5);
insert into prode(id_person, id_match, id_team, gol) values(11,35, 23, 6);
insert into prode(id_person, id_match, id_team, gol) values(11,35, 24, 6);
insert into prode(id_person, id_match, id_team, gol) values(11,36, 1, 6);
insert into prode(id_person, id_match, id_team, gol) values(11,36, 23, 9);
insert into prode(id_person, id_match, id_team, gol) values(11,37, 24, 5);
insert into prode(id_person, id_match, id_team, gol) values(11,37, 22, 6);
insert into prode(id_person, id_match, id_team, gol) values(11,38, 24, 8);
insert into prode(id_person, id_match, id_team, gol) values(11,38, 1, 1);
insert into prode(id_person, id_match, id_team, gol) values(11,39, 22, 8);
insert into prode(id_person, id_match, id_team, gol) values(11,39, 23, 8);
insert into prode(id_person, id_match, id_team, gol) values(11,40, 25, 2);
insert into prode(id_person, id_match, id_team, gol) values(11,40, 26, 1);
insert into prode(id_person, id_match, id_team, gol) values(11,41, 27, 8);
insert into prode(id_person, id_match, id_team, gol) values(11,41, 28, 3);
insert into prode(id_person, id_match, id_team, gol) values(11,42, 25, 1);
insert into prode(id_person, id_match, id_team, gol) values(11,42, 27, 9);
insert into prode(id_person, id_match, id_team, gol) values(11,43, 28, 4);
insert into prode(id_person, id_match, id_team, gol) values(11,43, 26, 9);
insert into prode(id_person, id_match, id_team, gol) values(11,44, 28, 3);
insert into prode(id_person, id_match, id_team, gol) values(11,44, 25, 4);
insert into prode(id_person, id_match, id_team, gol) values(11,45, 26, 9);
insert into prode(id_person, id_match, id_team, gol) values(11,45, 27, 4);
insert into prode(id_person, id_match, id_team, gol) values(11,46, 29, 8);
insert into prode(id_person, id_match, id_team, gol) values(11,46, 30, 3);
insert into prode(id_person, id_match, id_team, gol) values(11,47, 31, 8);
insert into prode(id_person, id_match, id_team, gol) values(11,47, 32, 7);
insert into prode(id_person, id_match, id_team, gol) values(11,48, 29, 1);
insert into prode(id_person, id_match, id_team, gol) values(11,48, 31, 6);
insert into prode(id_person, id_match, id_team, gol) values(11,49, 32, 4);
insert into prode(id_person, id_match, id_team, gol) values(11,49, 30, 2);
insert into prode(id_person, id_match, id_team, gol) values(11,50, 32, 3);
insert into prode(id_person, id_match, id_team, gol) values(11,50, 29, 3);
insert into prode(id_person, id_match, id_team, gol) values(11,53, 30, 4);
insert into prode(id_person, id_match, id_team, gol) values(11,53, 31, 3);

insert into prode(id_person, id_match, id_team, gol) values(12,4, 2, 3);
insert into prode(id_person, id_match, id_team, gol) values(12,4, 3, 7);
insert into prode(id_person, id_match, id_team, gol) values(12,5, 4, 9);
insert into prode(id_person, id_match, id_team, gol) values(12,5, 5, 9);
insert into prode(id_person, id_match, id_team, gol) values(12,6, 2, 7);
insert into prode(id_person, id_match, id_team, gol) values(12,6, 4, 5);
insert into prode(id_person, id_match, id_team, gol) values(12,7, 5, 4);
insert into prode(id_person, id_match, id_team, gol) values(12,7, 3, 9);
insert into prode(id_person, id_match, id_team, gol) values(12,8, 5, 6);
insert into prode(id_person, id_match, id_team, gol) values(12,8, 2, 8);
insert into prode(id_person, id_match, id_team, gol) values(12,9, 3, 7);
insert into prode(id_person, id_match, id_team, gol) values(12,9, 5, 2);
insert into prode(id_person, id_match, id_team, gol) values(12,10, 6, 5);
insert into prode(id_person, id_match, id_team, gol) values(12,10, 7, 1);
insert into prode(id_person, id_match, id_team, gol) values(12,11, 8, 7);
insert into prode(id_person, id_match, id_team, gol) values(12,11, 9, 8);
insert into prode(id_person, id_match, id_team, gol) values(12,13, 9, 6);
insert into prode(id_person, id_match, id_team, gol) values(12,13, 7, 7);
insert into prode(id_person, id_match, id_team, gol) values(12,12, 6, 6);
insert into prode(id_person, id_match, id_team, gol) values(12,12, 8, 9);
insert into prode(id_person, id_match, id_team, gol) values(12,14, 9, 2);
insert into prode(id_person, id_match, id_team, gol) values(12,14, 6, 2);
insert into prode(id_person, id_match, id_team, gol) values(12,15, 7, 7);
insert into prode(id_person, id_match, id_team, gol) values(12,15, 8, 8);
insert into prode(id_person, id_match, id_team, gol) values(12,16, 10, 6);
insert into prode(id_person, id_match, id_team, gol) values(12,16, 11, 7);
insert into prode(id_person, id_match, id_team, gol) values(12,17, 12, 1);
insert into prode(id_person, id_match, id_team, gol) values(12,17, 13, 2);
insert into prode(id_person, id_match, id_team, gol) values(12,18, 10, 8);
insert into prode(id_person, id_match, id_team, gol) values(12,18, 12, 5);
insert into prode(id_person, id_match, id_team, gol) values(12,19, 13, 9);
insert into prode(id_person, id_match, id_team, gol) values(12,19, 11, 7);
insert into prode(id_person, id_match, id_team, gol) values(12,20, 13, 3);
insert into prode(id_person, id_match, id_team, gol) values(12,20, 10, 2);
insert into prode(id_person, id_match, id_team, gol) values(12,21, 11, 7);
insert into prode(id_person, id_match, id_team, gol) values(12,21, 12, 3);
insert into prode(id_person, id_match, id_team, gol) values(12,22, 14, 7);
insert into prode(id_person, id_match, id_team, gol) values(12,22, 15, 1);
insert into prode(id_person, id_match, id_team, gol) values(12,23, 16, 2);
insert into prode(id_person, id_match, id_team, gol) values(12,23, 17, 1);
insert into prode(id_person, id_match, id_team, gol) values(12,24, 14, 8);
insert into prode(id_person, id_match, id_team, gol) values(12,24, 16, 1);
insert into prode(id_person, id_match, id_team, gol) values(12,25, 17, 9);
insert into prode(id_person, id_match, id_team, gol) values(12,25, 15, 7);
insert into prode(id_person, id_match, id_team, gol) values(12,26, 17, 2);
insert into prode(id_person, id_match, id_team, gol) values(12,26, 14, 3);
insert into prode(id_person, id_match, id_team, gol) values(12,27, 15, 7);
insert into prode(id_person, id_match, id_team, gol) values(12,27, 16, 7);
insert into prode(id_person, id_match, id_team, gol) values(12,28, 18, 4);
insert into prode(id_person, id_match, id_team, gol) values(12,28, 19, 2);
insert into prode(id_person, id_match, id_team, gol) values(12,29, 20, 8);
insert into prode(id_person, id_match, id_team, gol) values(12,29, 21, 5);
insert into prode(id_person, id_match, id_team, gol) values(12,30, 18, 7);
insert into prode(id_person, id_match, id_team, gol) values(12,30, 20, 7);
insert into prode(id_person, id_match, id_team, gol) values(12,31, 21, 4);
insert into prode(id_person, id_match, id_team, gol) values(12,31, 19, 2);
insert into prode(id_person, id_match, id_team, gol) values(12,32, 21, 9);
insert into prode(id_person, id_match, id_team, gol) values(12,32, 18, 6);
insert into prode(id_person, id_match, id_team, gol) values(12,33, 19, 5);
insert into prode(id_person, id_match, id_team, gol) values(12,33, 20, 2);
insert into prode(id_person, id_match, id_team, gol) values(12,34, 1, 8);
insert into prode(id_person, id_match, id_team, gol) values(12,34, 22, 5);
insert into prode(id_person, id_match, id_team, gol) values(12,35, 23, 2);
insert into prode(id_person, id_match, id_team, gol) values(12,35, 24, 9);
insert into prode(id_person, id_match, id_team, gol) values(12,36, 1, 8);
insert into prode(id_person, id_match, id_team, gol) values(12,36, 23, 5);
insert into prode(id_person, id_match, id_team, gol) values(12,37, 24, 4);
insert into prode(id_person, id_match, id_team, gol) values(12,37, 22, 7);
insert into prode(id_person, id_match, id_team, gol) values(12,38, 24, 4);
insert into prode(id_person, id_match, id_team, gol) values(12,38, 1, 4);
insert into prode(id_person, id_match, id_team, gol) values(12,39, 22, 5);
insert into prode(id_person, id_match, id_team, gol) values(12,39, 23, 9);
insert into prode(id_person, id_match, id_team, gol) values(12,40, 25, 7);
insert into prode(id_person, id_match, id_team, gol) values(12,40, 26, 8);
insert into prode(id_person, id_match, id_team, gol) values(12,41, 27, 8);
insert into prode(id_person, id_match, id_team, gol) values(12,41, 28, 8);
insert into prode(id_person, id_match, id_team, gol) values(12,42, 25, 6);
insert into prode(id_person, id_match, id_team, gol) values(12,42, 27, 8);
insert into prode(id_person, id_match, id_team, gol) values(12,43, 28, 8);
insert into prode(id_person, id_match, id_team, gol) values(12,43, 26, 5);
insert into prode(id_person, id_match, id_team, gol) values(12,44, 28, 5);
insert into prode(id_person, id_match, id_team, gol) values(12,44, 25, 6);
insert into prode(id_person, id_match, id_team, gol) values(12,45, 26, 2);
insert into prode(id_person, id_match, id_team, gol) values(12,45, 27, 6);
insert into prode(id_person, id_match, id_team, gol) values(12,46, 29, 6);
insert into prode(id_person, id_match, id_team, gol) values(12,46, 30, 9);
insert into prode(id_person, id_match, id_team, gol) values(12,47, 31, 7);
insert into prode(id_person, id_match, id_team, gol) values(12,47, 32, 5);
insert into prode(id_person, id_match, id_team, gol) values(12,48, 29, 3);
insert into prode(id_person, id_match, id_team, gol) values(12,48, 31, 7);
insert into prode(id_person, id_match, id_team, gol) values(12,49, 32, 6);
insert into prode(id_person, id_match, id_team, gol) values(12,49, 30, 4);
insert into prode(id_person, id_match, id_team, gol) values(12,50, 32, 1);
insert into prode(id_person, id_match, id_team, gol) values(12,50, 29, 6);
insert into prode(id_person, id_match, id_team, gol) values(12,53, 30, 4);
insert into prode(id_person, id_match, id_team, gol) values(12,53, 31, 4);

insert into prode(id_person, id_match, id_team, gol) values(13,4, 2, 3);
insert into prode(id_person, id_match, id_team, gol) values(13,4, 3, 3);
insert into prode(id_person, id_match, id_team, gol) values(13,5, 4, 3);
insert into prode(id_person, id_match, id_team, gol) values(13,5, 5, 3);
insert into prode(id_person, id_match, id_team, gol) values(13,6, 2, 1);
insert into prode(id_person, id_match, id_team, gol) values(13,6, 4, 8);
insert into prode(id_person, id_match, id_team, gol) values(13,7, 5, 5);
insert into prode(id_person, id_match, id_team, gol) values(13,7, 3, 2);
insert into prode(id_person, id_match, id_team, gol) values(13,8, 5, 8);
insert into prode(id_person, id_match, id_team, gol) values(13,8, 2, 7);
insert into prode(id_person, id_match, id_team, gol) values(13,9, 3, 1);
insert into prode(id_person, id_match, id_team, gol) values(13,9, 5, 4);
insert into prode(id_person, id_match, id_team, gol) values(13,10, 6, 5);
insert into prode(id_person, id_match, id_team, gol) values(13,10, 7, 8);
insert into prode(id_person, id_match, id_team, gol) values(13,11, 8, 2);
insert into prode(id_person, id_match, id_team, gol) values(13,11, 9, 6);
insert into prode(id_person, id_match, id_team, gol) values(13,13, 9, 4);
insert into prode(id_person, id_match, id_team, gol) values(13,13, 7, 3);
insert into prode(id_person, id_match, id_team, gol) values(13,12, 6, 7);
insert into prode(id_person, id_match, id_team, gol) values(13,12, 8, 7);
insert into prode(id_person, id_match, id_team, gol) values(13,14, 9, 8);
insert into prode(id_person, id_match, id_team, gol) values(13,14, 6, 9);
insert into prode(id_person, id_match, id_team, gol) values(13,15, 7, 8);
insert into prode(id_person, id_match, id_team, gol) values(13,15, 8, 3);
insert into prode(id_person, id_match, id_team, gol) values(13,16, 10, 7);
insert into prode(id_person, id_match, id_team, gol) values(13,16, 11, 2);
insert into prode(id_person, id_match, id_team, gol) values(13,17, 12, 9);
insert into prode(id_person, id_match, id_team, gol) values(13,17, 13, 2);
insert into prode(id_person, id_match, id_team, gol) values(13,18, 10, 5);
insert into prode(id_person, id_match, id_team, gol) values(13,18, 12, 9);
insert into prode(id_person, id_match, id_team, gol) values(13,19, 13, 7);
insert into prode(id_person, id_match, id_team, gol) values(13,19, 11, 6);
insert into prode(id_person, id_match, id_team, gol) values(13,20, 13, 3);
insert into prode(id_person, id_match, id_team, gol) values(13,20, 10, 3);
insert into prode(id_person, id_match, id_team, gol) values(13,21, 11, 9);
insert into prode(id_person, id_match, id_team, gol) values(13,21, 12, 8);
insert into prode(id_person, id_match, id_team, gol) values(13,22, 14, 3);
insert into prode(id_person, id_match, id_team, gol) values(13,22, 15, 1);
insert into prode(id_person, id_match, id_team, gol) values(13,23, 16, 7);
insert into prode(id_person, id_match, id_team, gol) values(13,23, 17, 6);
insert into prode(id_person, id_match, id_team, gol) values(13,24, 14, 9);
insert into prode(id_person, id_match, id_team, gol) values(13,24, 16, 7);
insert into prode(id_person, id_match, id_team, gol) values(13,25, 17, 7);
insert into prode(id_person, id_match, id_team, gol) values(13,25, 15, 2);
insert into prode(id_person, id_match, id_team, gol) values(13,26, 17, 3);
insert into prode(id_person, id_match, id_team, gol) values(13,26, 14, 9);
insert into prode(id_person, id_match, id_team, gol) values(13,27, 15, 5);
insert into prode(id_person, id_match, id_team, gol) values(13,27, 16, 1);
insert into prode(id_person, id_match, id_team, gol) values(13,28, 18, 4);
insert into prode(id_person, id_match, id_team, gol) values(13,28, 19, 1);
insert into prode(id_person, id_match, id_team, gol) values(13,29, 20, 5);
insert into prode(id_person, id_match, id_team, gol) values(13,29, 21, 8);
insert into prode(id_person, id_match, id_team, gol) values(13,30, 18, 8);
insert into prode(id_person, id_match, id_team, gol) values(13,30, 20, 1);
insert into prode(id_person, id_match, id_team, gol) values(13,31, 21, 5);
insert into prode(id_person, id_match, id_team, gol) values(13,31, 19, 9);
insert into prode(id_person, id_match, id_team, gol) values(13,32, 21, 8);
insert into prode(id_person, id_match, id_team, gol) values(13,32, 18, 8);
insert into prode(id_person, id_match, id_team, gol) values(13,33, 19, 8);
insert into prode(id_person, id_match, id_team, gol) values(13,33, 20, 9);
insert into prode(id_person, id_match, id_team, gol) values(13,34, 1, 6);
insert into prode(id_person, id_match, id_team, gol) values(13,34, 22, 2);
insert into prode(id_person, id_match, id_team, gol) values(13,35, 23, 3);
insert into prode(id_person, id_match, id_team, gol) values(13,35, 24, 3);
insert into prode(id_person, id_match, id_team, gol) values(13,36, 1, 7);
insert into prode(id_person, id_match, id_team, gol) values(13,36, 23, 4);
insert into prode(id_person, id_match, id_team, gol) values(13,37, 24, 7);
insert into prode(id_person, id_match, id_team, gol) values(13,37, 22, 3);
insert into prode(id_person, id_match, id_team, gol) values(13,38, 24, 2);
insert into prode(id_person, id_match, id_team, gol) values(13,38, 1, 6);
insert into prode(id_person, id_match, id_team, gol) values(13,39, 22, 7);
insert into prode(id_person, id_match, id_team, gol) values(13,39, 23, 5);
insert into prode(id_person, id_match, id_team, gol) values(13,40, 25, 1);
insert into prode(id_person, id_match, id_team, gol) values(13,40, 26, 4);
insert into prode(id_person, id_match, id_team, gol) values(13,41, 27, 4);
insert into prode(id_person, id_match, id_team, gol) values(13,41, 28, 3);
insert into prode(id_person, id_match, id_team, gol) values(13,42, 25, 4);
insert into prode(id_person, id_match, id_team, gol) values(13,42, 27, 6);
insert into prode(id_person, id_match, id_team, gol) values(13,43, 28, 3);
insert into prode(id_person, id_match, id_team, gol) values(13,43, 26, 1);
insert into prode(id_person, id_match, id_team, gol) values(13,44, 28, 9);
insert into prode(id_person, id_match, id_team, gol) values(13,44, 25, 3);
insert into prode(id_person, id_match, id_team, gol) values(13,45, 26, 4);
insert into prode(id_person, id_match, id_team, gol) values(13,45, 27, 7);
insert into prode(id_person, id_match, id_team, gol) values(13,46, 29, 1);
insert into prode(id_person, id_match, id_team, gol) values(13,46, 30, 3);
insert into prode(id_person, id_match, id_team, gol) values(13,47, 31, 5);
insert into prode(id_person, id_match, id_team, gol) values(13,47, 32, 9);
insert into prode(id_person, id_match, id_team, gol) values(13,48, 29, 3);
insert into prode(id_person, id_match, id_team, gol) values(13,48, 31, 3);
insert into prode(id_person, id_match, id_team, gol) values(13,49, 32, 9);
insert into prode(id_person, id_match, id_team, gol) values(13,49, 30, 7);
insert into prode(id_person, id_match, id_team, gol) values(13,50, 32, 4);
insert into prode(id_person, id_match, id_team, gol) values(13,50, 29, 3);
insert into prode(id_person, id_match, id_team, gol) values(13,53, 30, 3);
insert into prode(id_person, id_match, id_team, gol) values(13,53, 31, 5);
